enter_date_time;customer_id;article_id;quantity;ticket_id
2023-11-02 09:07:00;c46;a5233;1;t11256920
2023-11-02 09:07:00;c46;a8411;1;t11256920
2023-11-02 09:07:00;c46;a7537;3;t11256920
2023-11-02 09:07:00;c46;a5858;5;t11256920
2023-11-02 09:07:00;c46;a9196;5;t11256920
2023-11-02 09:07:00;c46;a5177;2;t11256920
2023-11-02 09:07:00;c46;a1608;2;t11256920
2023-11-02 09:07:00;c46;a5824;1;t11256920
2023-11-02 09:07:00;c46;a7381;4;t11256920
2023-11-02 09:07:00;c46;a4496;4;t11256920
2023-11-02 09:07:00;c46;a2255;5;t11256920
2023-11-02 09:07:00;c46;a2350;5;t11256920
2023-11-02 09:07:00;c46;a8153;4;t11256920
2023-11-02 09:07:00;c46;a2443;4;t11256920
2023-11-02 09:07:00;c46;a0209;2;t11256920
2023-11-02 09:07:00;c46;a7787;3;t11256920
2023-11-02 09:27:00;c82;a2925;3;t11256956
2023-11-02 09:27:00;c82;a8229;5;t11256956
2023-11-02 09:27:00;c82;a9288;5;t11256956
2023-11-02 09:27:00;c82;a6143;1;t11256956
2023-11-02 09:27:00;c82;a7641;2;t11256956
2023-11-02 09:27:00;c82;a7765;1;t11256956
2023-11-02 09:27:00;c82;a8433;1;t11256956
2023-11-02 09:27:00;c82;a6253;4;t11256956
2023-11-02 09:27:00;c82;a5179;1;t11256956
2023-11-02 09:27:00;c82;a3067;5;t11256956
2023-11-02 09:27:00;c82;a2400;2;t11256956
2023-11-02 09:27:00;c82;a8402;2;t11256956
2023-11-02 09:27:00;c82;a5898;1;t11256956
2023-11-02 09:27:00;c82;a3248;2;t11256956
2023-11-02 09:29:00;c9;a9127;1;t11256883
2023-11-02 09:29:00;c9;a7744;1;t11256883
2023-11-02 09:29:00;c9;a6217;4;t11256883
2023-11-02 09:29:00;c9;a5540;3;t11256883
2023-11-02 09:29:00;c9;a2422;4;t11256883
2023-11-02 09:31:00;c50;a6551;1;t11256924
2023-11-02 09:31:00;c50;a8366;3;t11256924
2023-11-02 09:31:00;c50;a2407;1;t11256924
2023-11-02 09:31:00;c50;a2454;3;t11256924
2023-11-02 09:31:00;c50;a5177;2;t11256924
2023-11-02 09:31:00;c50;a1817;1;t11256924
2023-11-02 09:31:00;c50;a7551;4;t11256924
2023-11-02 09:31:00;c50;a7747;4;t11256924
2023-11-02 09:31:00;c50;a2459;5;t11256924
2023-11-02 09:31:00;c50;a8171;2;t11256924
2023-11-02 09:31:00;c50;a0236;5;t11256924
2023-11-02 09:33:00;c75;a8947;3;t11256949
2023-11-02 09:33:00;c75;a8296;3;t11256949
2023-11-02 09:33:00;c75;a2352;4;t11256949
2023-11-02 09:33:00;c75;a8427;5;t11256949
2023-11-02 09:33:00;c75;a8155;5;t11256949
2023-11-02 09:33:00;c75;a2061;3;t11256949
2023-11-02 09:33:00;c75;a0211;4;t11256949
2023-11-02 09:33:00;c75;a7876;2;t11256949
2023-11-02 09:33:00;c75;a2412;3;t11256949
2023-11-02 09:33:00;c75;a5797;5;t11256949
2023-11-02 09:33:00;c75;a7338;2;t11256949
2023-11-02 09:33:00;c75;a7762;5;t11256949
2023-11-02 09:33:00;c75;a2221;1;t11256949
2023-11-02 09:33:00;c75;a5920;3;t11256949
2023-11-02 09:40:00;c14;a6534;1;t11256888
2023-11-02 09:40:00;c14;a5932;5;t11256888
2023-11-02 09:40:00;c14;a8077;2;t11256888
2023-11-02 09:40:00;c14;a5037;4;t11256888
2023-11-02 09:40:00;c14;a7759;2;t11256888
2023-11-02 09:40:00;c14;a2925;2;t11256888
2023-11-02 09:40:00;c14;a8215;5;t11256888
2023-11-02 09:40:00;c14;a1834;5;t11256888
2023-11-02 09:40:00;c14;a0232;2;t11256888
2023-11-02 09:40:00;c14;a7639;2;t11256888
2023-11-02 09:46:00;c31;a6407;1;t11256905
2023-11-02 09:46:00;c31;a0223;5;t11256905
2023-11-02 09:46:00;c31;a3524;3;t11256905
2023-11-02 09:46:00;c31;a0377;2;t11256905
2023-11-02 09:46:00;c31;a9196;2;t11256905
2023-11-02 09:46:00;c31;a8947;4;t11256905
2023-11-02 09:46:00;c31;a1618;1;t11256905
2023-11-02 09:46:00;c31;a2760;5;t11256905
2023-11-02 09:46:00;c31;a8171;4;t11256905
2023-11-02 09:46:00;c31;a6500;4;t11256905
2023-11-02 09:46:00;c31;a4355;2;t11256905
2023-11-02 09:46:00;c31;a8437;1;t11256905
2023-11-02 09:46:00;c31;a0091272;2;t11256905
2023-11-02 09:46:00;c31;a7633;2;t11256905
2023-11-02 09:46:00;c31;a8331;5;t11256905
2023-11-02 09:46:00;c31;a5870;4;t11256905
2023-11-02 09:46:00;c31;a3487;2;t11256905
2023-11-02 09:46:00;c31;a2876;3;t11256905
2023-11-02 09:46:00;c31;a0021857;4;t11256905
2023-11-02 09:46:00;c31;a2442;4;t11256905
2023-11-02 09:46:00;c31;a2007;1;t11256905
2023-11-02 09:46:00;c31;a7835;4;t11256905
2023-11-02 09:46:00;c31;a6217;2;t11256905
2023-11-02 09:46:00;c31;a5370;1;t11256905
2023-11-02 09:46:00;c31;a7678;5;t11256905
2023-11-02 09:47:00;c67;a1618;4;t11256941
2023-11-02 09:47:00;c67;a7765;4;t11256941
2023-11-02 09:47:00;c67;a5839;3;t11256941
2023-11-02 09:47:00;c67;a7650;4;t11256941
2023-11-02 09:47:00;c67;a2008;4;t11256941
2023-11-02 09:47:00;c67;a0377;4;t11256941
2023-11-02 09:47:00;c67;a2567;4;t11256941
2023-11-02 09:47:00;c67;a7614;5;t11256941
2023-11-02 09:47:00;c67;a2707;5;t11256941
2023-11-02 09:47:00;c67;a2046;1;t11256941
2023-11-02 09:47:00;c67;a7741;4;t11256941
2023-11-02 09:47:00;c67;a8177;4;t11256941
2023-11-02 09:47:00;c67;a4496;3;t11256941
2023-11-02 09:47:00;c67;a3524;2;t11256941
2023-11-02 09:47:00;c67;a4181;5;t11256941
2023-11-02 09:47:00;c67;a2880;5;t11256941
2023-11-02 09:47:00;c67;a6117;5;t11256941
2023-11-02 09:47:00;c67;a0086924;1;t11256941
2023-11-02 09:47:00;c67;a0361;5;t11256941
2023-11-02 09:47:00;c67;a2925;5;t11256941
2023-11-02 09:47:00;c67;a2606;1;t11256941
2023-11-02 09:47:00;c67;a0020235;3;t11256941
2023-11-02 09:47:00;c67;a1801;4;t11256941
2023-11-02 09:47:00;c67;a8171;5;t11256941
2023-11-02 09:47:00;c67;a8215;1;t11256941
2023-11-02 09:49:00;c60;a7516;4;t11256934
2023-11-02 09:49:00;c60;a0404;5;t11256934
2023-11-02 09:49:00;c60;a0361;3;t11256934
2023-11-02 09:49:00;c60;a7882;5;t11256934
2023-11-02 09:49:00;c60;a8923;4;t11256934
2023-11-02 09:49:00;c60;a0370;1;t11256934
2023-11-02 09:49:00;c60;a9288;5;t11256934
2023-11-02 09:49:00;c60;a1608;1;t11256934
2023-11-02 09:49:00;c60;a9050;3;t11256934
2023-11-02 09:49:00;c60;a0021803;2;t11256934
2023-11-02 09:49:00;c30;a7692;5;t11256904
2023-11-02 09:49:00;c30;a8111;1;t11256904
2023-11-02 09:49:00;c60;a0021857;4;t11256934
2023-11-02 09:49:00;c60;a1801;4;t11256934
2023-11-02 09:49:00;c30;a8133;4;t11256904
2023-11-02 09:49:00;c30;a4493;2;t11256904
2023-11-02 09:49:00;c30;a9203;1;t11256904
2023-11-02 09:50:00;c11;a4514;3;t11256885
2023-11-02 09:50:00;c11;a8114;5;t11256885
2023-11-02 09:50:00;c11;a8495;3;t11256885
2023-11-02 09:50:00;c11;a8187;1;t11256885
2023-11-02 09:50:00;c11;a0206;4;t11256885
2023-11-02 09:50:00;c11;a2454;5;t11256885
2023-11-02 09:50:00;c11;a2443;5;t11256885
2023-11-02 09:50:00;c11;a0370;3;t11256885
2023-11-02 09:50:00;c11;a9373;2;t11256885
2023-11-02 09:50:00;c11;a5724;3;t11256885
2023-11-02 09:50:00;c11;a1834;4;t11256885
2023-11-02 09:50:00;c11;a2131;2;t11256885
2023-11-02 09:55:00;c0;a7876;1;t11256874
2023-11-02 09:55:00;c0;a8921;5;t11256874
2023-11-02 09:55:00;c0;a3222;5;t11256874
2023-11-02 09:55:00;c0;a8216;5;t11256874
2023-11-02 09:55:00;c0;a8224;3;t11256874
2023-11-02 09:55:00;c0;a0091463;5;t11256874
2023-11-02 09:55:00;c0;a7683;3;t11256874
2023-11-02 09:55:00;c0;a8454;2;t11256874
2023-11-02 09:55:00;c0;a1817;4;t11256874
2023-11-02 09:55:00;c0;a4512;1;t11256874
2023-11-02 09:55:00;c0;a2021;4;t11256874
2023-11-02 09:55:00;c0;a2453;2;t11256874
2023-11-02 09:55:00;c0;a0021803;4;t11256874
2023-11-02 09:55:00;c0;a6407;5;t11256874
2023-11-02 09:55:00;c0;a5129;1;t11256874
2023-11-02 09:55:00;c0;a2099;3;t11256874
2023-11-02 09:55:00;c0;a7369;4;t11256874
2023-11-02 09:55:00;c0;a4181;5;t11256874
2023-11-02 09:55:00;c0;a8447;1;t11256874
2023-11-02 09:55:00;c0;a0021857;3;t11256874
2023-11-02 09:55:00;c0;a9372;2;t11256874
2023-11-02 09:55:00;c0;a1602;2;t11256874
2023-11-02 09:55:00;c0;a7537;2;t11256874
2023-11-02 09:58:00;c16;a7824;3;t11256890
2023-11-02 09:58:00;c16;a3484;1;t11256890
2023-11-02 09:58:00;c16;a1624;4;t11256890
2023-11-02 09:58:00;c16;a8084;5;t11256890
2023-11-02 09:58:00;c16;a2221;4;t11256890
2023-11-02 09:58:00;c16;a9196;4;t11256890
2023-11-02 09:58:00;c16;a2352;2;t11256890
2023-11-02 09:58:00;c16;a7381;5;t11256890
2023-11-02 09:58:00;c16;a6534;1;t11256890
2023-11-02 09:58:00;c16;a7755;3;t11256890
2023-11-02 09:58:00;c16;a7744;2;t11256890
2023-11-02 09:58:00;c16;a6117;2;t11256890
2023-11-02 09:58:00;c16;a5724;4;t11256890
2023-11-02 09:58:00;c16;a8411;5;t11256890
2023-11-02 09:59:00;c66;a8433;4;t11256940
2023-11-02 09:59:00;c66;a7654;4;t11256940
2023-11-02 09:59:00;c66;a4180;2;t11256940
2023-11-02 09:59:00;c66;a4181;4;t11256940
2023-11-02 09:59:00;c66;a3028;5;t11256940
2023-11-02 09:59:00;c66;a0302;5;t11256940
2023-11-02 09:59:00;c66;a2007;4;t11256940
2023-11-02 09:59:00;c39;a2752;2;t11256913
2023-11-02 09:59:00;c39;a2412;2;t11256913
2023-11-02 09:59:00;c39;a2567;4;t11256913
2023-11-02 09:59:00;c39;a5179;3;t11256913
2023-11-02 09:59:00;c39;a5962;1;t11256913
2023-11-02 09:59:00;c66;a6102;3;t11256940
2023-11-02 09:59:00;c39;a9050;4;t11256913
2023-11-02 09:59:00;c39;a7579;5;t11256913
2023-11-02 09:59:00;c39;a7683;2;t11256913
2023-11-02 09:59:00;c39;a5102;3;t11256913
2023-11-02 09:59:00;c39;a5865;3;t11256913
2023-11-02 09:59:00;c39;a2545;1;t11256913
2023-11-02 09:59:00;c39;a5932;3;t11256913
2023-11-02 09:59:00;c39;a8433;5;t11256913
2023-11-02 09:59:00;c39;a6170;1;t11256913
2023-11-02 09:59:00;c39;a7696;4;t11256913
2023-11-02 09:59:00;c39;a5318;4;t11256913
2023-11-02 09:59:00;c39;a8269;4;t11256913
2023-11-02 09:59:00;c66;a8000;3;t11256940
2023-11-02 09:59:00;c39;a7790;3;t11256913
2023-11-02 09:59:00;c39;a7437;4;t11256913
2023-11-02 09:59:00;c39;a2656;2;t11256913
2023-11-02 09:59:00;c39;a1810;1;t11256913
2023-11-02 10:01:00;c5;a5920;5;t11256879
2023-11-02 10:01:00;c5;a3073;1;t11256879
2023-11-02 10:01:00;c5;a7885;2;t11256879
2023-11-02 10:01:00;c5;a5907;4;t11256879
2023-11-02 10:01:00;c5;a3524;2;t11256879
2023-11-02 10:01:00;c5;a8171;2;t11256879
2023-11-02 10:01:00;c5;a0021384;3;t11256879
2023-11-02 10:01:00;c5;a5179;2;t11256879
2023-11-02 10:01:00;c5;a8454;1;t11256879
2023-11-02 10:01:00;c5;a5983;4;t11256879
2023-11-02 10:01:00;c5;a1801;3;t11256879
2023-11-02 10:01:00;c5;a7614;2;t11256879
2023-11-02 10:01:00;c5;a4346;3;t11256879
2023-11-02 10:01:00;c5;a0086903;4;t11256879
2023-11-02 10:01:00;c5;a0091272;5;t11256879
2023-11-02 10:01:00;c5;a0226;1;t11256879
2023-11-02 10:01:00;c5;a2687;4;t11256879
2023-11-02 10:10:00;c81;a0020235;1;t11256955
2023-11-02 10:10:00;c81;a7883;4;t11256955
2023-11-02 10:10:00;c81;a8454;5;t11256955
2023-11-02 10:10:00;c81;a6143;2;t11256955
2023-11-02 10:10:00;c81;a5318;1;t11256955
2023-11-02 10:10:00;c81;a2352;3;t11256955
2023-11-02 10:10:00;c81;a7579;5;t11256955
2023-11-02 10:10:00;c81;a0090927;2;t11256955
2023-11-02 10:14:00;c74;a9050;1;t11256948
2023-11-02 10:14:00;c74;a2061;1;t11256948
2023-11-02 10:14:00;c74;a0218;3;t11256948
2023-11-02 10:14:00;c74;a7582;5;t11256948
2023-11-02 10:14:00;c74;a2407;3;t11256948
2023-11-02 10:14:00;c74;a0226;2;t11256948
2023-11-02 10:21:00;c4;a3248;5;t11256878
2023-11-02 10:21:00;c4;a1822;5;t11256878
2023-11-02 10:21:00;c4;a8947;2;t11256878
2023-11-02 10:21:00;c4;a8171;2;t11256878
2023-11-02 10:21:00;c4;a0209;4;t11256878
2023-11-02 10:21:00;c4;a8437;4;t11256878
2023-11-02 10:21:00;c4;a8114;1;t11256878
2023-11-02 10:21:00;c4;a1624;4;t11256878
2023-11-02 10:21:00;c4;a0236;4;t11256878
2023-11-02 10:21:00;c4;a7616;3;t11256878
2023-11-02 10:21:00;c4;a2131;1;t11256878
2023-11-02 10:21:00;c4;a8229;4;t11256878
2023-11-02 10:21:00;c4;a4512;4;t11256878
2023-11-02 10:21:00;c4;a0090927;2;t11256878
2023-11-02 10:21:00;c4;a3091;1;t11256878
2023-11-02 10:21:00;c4;a7516;4;t11256878
2023-11-02 10:21:00;c4;a3580;4;t11256878
2023-11-02 10:21:00;c4;a5129;5;t11256878
2023-11-02 10:21:00;c4;a2221;2;t11256878
2023-11-02 10:21:00;c4;a5920;4;t11256878
2023-11-02 10:21:00;c4;a8507;5;t11256878
2023-11-02 10:21:00;c4;a8454;1;t11256878
2023-11-02 10:21:00;c4;a6252;2;t11256878
2023-11-02 10:21:00;c4;a5870;3;t11256878
2023-11-02 10:26:00;c24;a8175;2;t11256898
2023-11-02 10:26:00;c24;a2352;5;t11256898
2023-11-02 10:26:00;c24;a3066;3;t11256898
2023-11-02 10:26:00;c24;a5824;4;t11256898
2023-11-02 10:26:00;c24;a2543;4;t11256898
2023-11-02 10:26:00;c24;a7824;3;t11256898
2023-11-02 10:26:00;c24;a2707;5;t11256898
2023-11-02 10:26:00;c24;a8092;3;t11256898
2023-11-02 10:26:00;c24;a8122;2;t11256898
2023-11-02 10:34:00;c58;a7068;5;t11256932
2023-11-02 10:34:00;c58;a6102;4;t11256932
2023-11-02 10:34:00;c58;a2099;5;t11256932
2023-11-02 10:34:00;c58;a8138;3;t11256932
2023-11-02 10:34:00;c58;a1642;5;t11256932
2023-11-02 10:34:00;c58;a0020829;4;t11256932
2023-11-02 10:34:00;c58;a5361;5;t11256932
2023-11-02 10:34:00;c58;a7742;1;t11256932
2023-11-02 10:34:00;c58;a7616;2;t11256932
2023-11-02 10:34:00;c58;a6408;3;t11256932
2023-11-02 10:34:00;c58;a2760;1;t11256932
2023-11-02 10:34:00;c58;a9068;1;t11256932
2023-11-02 10:34:00;c58;a0087846;1;t11256932
2023-11-02 10:34:00;c58;a2503;1;t11256932
2023-11-02 10:34:00;c58;a9108;3;t11256932
2023-11-02 10:34:00;c58;a8111;1;t11256932
2023-11-02 10:34:00;c58;a6217;1;t11256932
2023-11-02 10:34:00;c58;a0020830;4;t11256932
2023-11-02 10:34:00;c58;a2008;5;t11256932
2023-11-02 10:48:00;c7;a7765;4;t11256881
2023-11-02 10:48:00;c7;a2221;1;t11256881
2023-11-02 10:48:00;c7;a6449;1;t11256881
2023-11-02 10:48:00;c7;a0377;2;t11256881
2023-11-02 10:48:00;c7;a2412;1;t11256881
2023-11-02 10:48:00;c7;a0088024;2;t11256881
2023-11-02 10:48:00;c7;a2111;3;t11256881
2023-11-02 10:48:00;c7;a9108;5;t11256881
2023-11-02 10:48:00;c7;a0226;2;t11256881
2023-11-02 10:48:00;c7;a7747;3;t11256881
2023-11-02 10:55:00;c48;a7840;5;t11256922
2023-11-02 10:55:00;c48;a9203;2;t11256922
2023-11-02 10:55:00;c48;a0218;2;t11256922
2023-11-02 10:55:00;c48;a8963;5;t11256922
2023-11-02 10:55:00;c48;a6641;4;t11256922
2023-11-02 10:55:00;c48;a3484;1;t11256922
2023-11-02 10:55:00;c48;a5858;4;t11256922
2023-11-02 10:55:00;c48;a9108;3;t11256922
2023-11-02 11:06:00;c99;a6330;2;t11256973
2023-11-02 11:06:00;c99;a8000;1;t11256973
2023-11-02 11:06:00;c99;a8331;1;t11256973
2023-11-02 11:06:00;c99;a8153;3;t11256973
2023-11-02 11:06:00;c99;a8175;1;t11256973
2023-11-02 11:06:00;c99;a7437;3;t11256973
2023-11-02 11:06:00;c99;a8411;1;t11256973
2023-11-02 11:06:00;c99;a3487;5;t11256973
2023-11-02 11:06:00;c99;a0090927;5;t11256973
2023-11-02 11:06:00;c99;a2687;4;t11256973
2023-11-02 11:06:00;c99;a1623;2;t11256973
2023-11-02 11:06:00;c99;a0211;1;t11256973
2023-11-02 11:06:00;c99;a7696;3;t11256973
2023-11-02 11:06:00;c99;a6100;5;t11256973
2023-11-02 11:06:00;c99;a5304;4;t11256973
2023-11-02 11:06:00;c99;a7070;1;t11256973
2023-11-02 11:09:00;c72;a8447;3;t11256946
2023-11-02 11:09:00;c72;a7765;3;t11256946
2023-11-02 11:09:00;c72;a4355;5;t11256946
2023-11-02 11:09:00;c72;a7740;4;t11256946
2023-11-02 11:09:00;c72;a7616;5;t11256946
2023-11-02 11:09:00;c72;a2687;4;t11256946
2023-11-02 11:09:00;c72;a7848;4;t11256946
2023-11-02 11:09:00;c72;a2131;1;t11256946
2023-11-02 11:09:00;c72;a0211;4;t11256946
2023-11-02 11:09:00;c72;a6628;5;t11256946
2023-11-02 11:09:00;c72;a5898;3;t11256946
2023-11-02 11:09:00;c72;a9127;1;t11256946
2023-11-02 11:09:00;c72;a8215;2;t11256946
2023-11-02 11:14:00;c33;a4355;3;t11256907
2023-11-02 11:14:00;c33;a7660;3;t11256907
2023-11-02 11:14:00;c33;a5031;3;t11256907
2023-11-02 11:14:00;c33;a5304;1;t11256907
2023-11-02 11:14:00;c33;a8495;4;t11256907
2023-11-02 11:14:00;c33;a0021965;1;t11256907
2023-11-02 11:14:00;c33;a3073;2;t11256907
2023-11-02 11:14:00;c33;a8136;2;t11256907
2023-11-02 11:14:00;c33;a0020830;2;t11256907
2023-11-02 11:14:00;c33;a0086975;4;t11256907
2023-11-02 11:14:00;c33;a1624;1;t11256907
2023-11-02 11:14:00;c33;a2876;1;t11256907
2023-11-02 11:14:00;c33;a5902;4;t11256907
2023-11-02 11:14:00;c33;a8922;4;t11256907
2023-11-02 11:14:00;c33;a1608;3;t11256907
2023-11-02 11:14:00;c33;a1822;4;t11256907
2023-11-02 11:14:00;c33;a0404;3;t11256907
2023-11-02 11:14:00;c33;a2061;5;t11256907
2023-11-02 11:14:00;c33;a9373;1;t11256907
2023-11-02 11:14:00;c33;a0223;3;t11256907
2023-11-02 11:14:00;c33;a9068;2;t11256907
2023-11-02 11:14:00;c33;a5898;1;t11256907
2023-11-02 11:14:00;c33;a2442;3;t11256907
2023-11-02 11:14:00;c33;a7740;1;t11256907
2023-11-02 11:24:00;c1;a0088024;1;t11256875
2023-11-02 11:24:00;c1;a7771;4;t11256875
2023-11-02 11:24:00;c1;a7790;4;t11256875
2023-11-02 11:24:00;c1;a0232;3;t11256875
2023-11-02 11:24:00;c1;a6649;4;t11256875
2023-11-02 11:24:00;c1;a5179;4;t11256875
2023-11-02 11:24:00;c1;a1602;1;t11256875
2023-11-02 11:24:00;c1;a8435;5;t11256875
2023-11-02 11:25:00;c19;a2752;2;t11256893
2023-11-02 11:25:00;c19;a7516;4;t11256893
2023-11-02 11:25:00;c19;a6217;2;t11256893
2023-11-02 11:25:00;c19;a5898;4;t11256893
2023-11-02 11:25:00;c19;a0088024;4;t11256893
2023-11-02 11:25:00;c19;a7437;1;t11256893
2023-11-02 11:25:00;c19;a0232;3;t11256893
2023-11-02 11:25:00;c19;a8269;4;t11256893
2023-11-02 11:25:00;c19;a0302;2;t11256893
2023-11-02 11:25:00;c19;a7641;4;t11256893
2023-11-02 11:25:00;c19;a2925;1;t11256893
2023-11-02 11:25:00;c19;a7771;3;t11256893
2023-11-02 11:25:00;c19;a2352;4;t11256893
2023-11-02 11:25:00;c19;a7632;5;t11256893
2023-11-02 11:25:00;c19;a8963;1;t11256893
2023-11-02 11:25:00;c19;a0209;4;t11256893
2023-11-02 11:25:00;c19;a6408;3;t11256893
2023-11-02 11:25:00;c19;a7650;1;t11256893
2023-11-02 11:25:00;c19;a7616;3;t11256893
2023-11-02 11:25:00;c19;a5955;1;t11256893
2023-11-02 11:25:00;c19;a5835;5;t11256893
2023-11-02 11:25:00;c19;a8086;2;t11256893
2023-11-02 11:27:00;c25;a7437;4;t11256899
2023-11-02 11:27:00;c25;a0209;5;t11256899
2023-11-02 11:27:00;c25;a5318;2;t11256899
2023-11-02 11:27:00;c25;a2407;1;t11256899
2023-11-02 11:27:00;c25;a0086903;4;t11256899
2023-11-02 11:27:00;c25;a8153;5;t11256899
2023-11-02 11:27:00;c25;a7629;4;t11256899
2023-11-02 11:27:00;c25;a2212;5;t11256899
2023-11-02 11:27:00;c25;a8229;2;t11256899
2023-11-02 11:27:00;c25;a0226;1;t11256899
2023-11-02 11:27:00;c25;a8111;4;t11256899
2023-11-02 11:27:00;c25;a7876;1;t11256899
2023-11-02 11:27:00;c25;a2089;5;t11256899
2023-11-02 11:27:00;c25;a3248;2;t11256899
2023-11-02 11:27:00;c25;a6253;2;t11256899
2023-11-02 11:27:00;c25;a8296;4;t11256899
2023-11-02 11:27:00;c25;a7338;2;t11256899
2023-11-02 11:27:00;c25;a1834;2;t11256899
2023-11-02 11:27:00;c25;a5902;1;t11256899
2023-11-02 11:27:00;c25;a0021857;1;t11256899
2023-11-02 11:27:00;c25;a8269;4;t11256899
2023-11-02 11:27:00;c25;a0242;3;t11256899
2023-11-02 11:29:00;c54;a7744;5;t11256928
2023-11-02 11:29:00;c54;a5870;1;t11256928
2023-11-02 11:29:00;c54;a6217;3;t11256928
2023-11-02 11:29:00;c54;a5190;5;t11256928
2023-11-02 11:29:00;c54;a0020018;2;t11256928
2023-11-02 11:29:00;c54;a3066;3;t11256928
2023-11-02 11:29:00;c54;a8187;5;t11256928
2023-11-02 11:29:00;c54;a8134;5;t11256928
2023-11-02 11:51:00;c49;a1628;3;t11256923
2023-11-02 11:51:00;c49;a0245;1;t11256923
2023-11-02 11:51:00;c49;a2453;2;t11256923
2023-11-02 11:51:00;c49;a8171;1;t11256923
2023-11-02 11:51:00;c49;a7665;2;t11256923
2023-11-02 11:51:00;c49;a8417;1;t11256923
2023-11-02 11:51:00;c49;a8947;5;t11256923
2023-11-02 11:51:00;c49;a2760;1;t11256923
2023-11-02 11:51:00;c49;a0302;3;t11256923
2023-11-02 11:56:00;c6;a7044;1;t11256880
2023-11-02 11:56:00;c6;a8417;4;t11256880
2023-11-02 11:56:00;c6;a0225;2;t11256880
2023-11-02 11:56:00;c6;a7771;1;t11256880
2023-11-02 11:56:00;c6;a5037;3;t11256880
2023-11-02 11:56:00;c6;a4346;3;t11256880
2023-11-02 11:56:00;c6;a8215;5;t11256880
2023-11-02 11:56:00;c6;a0088024;3;t11256880
2023-11-02 11:56:00;c6;a8229;2;t11256880
2023-11-02 11:56:00;c6;a5179;1;t11256880
2023-11-02 11:56:00;c6;a3524;3;t11256880
2023-11-02 11:56:00;c6;a3067;5;t11256880
2023-11-02 11:56:00;c6;a5839;2;t11256880
2023-11-02 11:56:00;c6;a7579;4;t11256880
2023-11-02 11:56:00;c6;a8084;2;t11256880
2023-11-02 11:56:00;c6;a0020829;3;t11256880
2023-11-02 11:56:00;c6;a2352;3;t11256880
2023-11-02 11:56:00;c6;a7765;3;t11256880
2023-11-02 11:56:00;c6;a7633;2;t11256880
2023-11-02 11:56:00;c6;a3073;5;t11256880
2023-11-02 11:56:00;c6;a6251;2;t11256880
2023-11-02 11:56:00;c6;a7882;1;t11256880
2023-11-02 11:56:00;c6;a7650;1;t11256880
2023-11-02 11:56:00;c6;a2707;5;t11256880
2023-11-02 12:03:00;c90;a7338;2;t11256964
2023-11-02 12:03:00;c90;a7747;3;t11256964
2023-11-02 12:03:00;c90;a0320;1;t11256964
2023-11-02 12:03:00;c90;a0370;2;t11256964
2023-11-02 12:03:00;c90;a9144;4;t11256964
2023-11-02 12:03:00;c90;a4481;1;t11256964
2023-11-02 12:03:00;c90;a6628;1;t11256964
2023-11-02 12:03:00;c90;a4294;2;t11256964
2023-11-02 12:03:00;c90;a9372;5;t11256964
2023-11-02 12:03:00;c90;a7587;1;t11256964
2023-11-02 12:03:00;c90;a2912;4;t11256964
2023-11-02 12:03:00;c90;a7742;5;t11256964
2023-11-02 12:03:00;c90;a6117;2;t11256964
2023-11-02 12:03:00;c90;a8477;4;t11256964
2023-11-02 12:03:00;c90;a4346;1;t11256964
2023-11-02 12:03:00;c90;a6252;4;t11256964
2023-11-02 12:03:00;c90;a4490;1;t11256964
2023-11-02 12:03:00;c90;a7614;1;t11256964
2023-11-02 12:03:00;c90;a2212;1;t11256964
2023-11-02 12:03:00;c90;a3484;2;t11256964
2023-11-02 12:03:00;c90;a0086760;1;t11256964
2023-11-02 12:03:00;c90;a6100;1;t11256964
2023-11-02 12:03:00;c90;a7043;1;t11256964
2023-11-02 12:03:00;c90;a7381;1;t11256964
2023-11-02 12:12:00;c94;a2021;4;t11256968
2023-11-02 12:12:00;c94;a5882;2;t11256968
2023-11-02 12:12:00;c94;a3580;1;t11256968
2023-11-02 12:12:00;c94;a2454;4;t11256968
2023-11-02 12:12:00;c94;a2752;3;t11256968
2023-11-02 12:12:00;c94;a7043;3;t11256968
2023-11-02 12:12:00;c94;a0242;2;t11256968
2023-11-02 12:24:00;c23;a0020830;5;t11256897
2023-11-02 12:24:00;c23;a7639;4;t11256897
2023-11-02 12:24:00;c23;a8269;3;t11256897
2023-11-02 12:24:00;c23;a1624;4;t11256897
2023-11-02 12:24:00;c23;a0021803;4;t11256897
2023-11-02 12:24:00;c23;a2925;2;t11256897
2023-11-02 12:24:00;c23;a6449;1;t11256897
2023-11-02 12:24:00;c23;a0232;4;t11256897
2023-11-02 12:24:00;c23;a5177;3;t11256897
2023-11-02 12:24:00;c23;a8092;4;t11256897
2023-11-02 12:24:00;c23;a7683;1;t11256897
2023-11-02 12:24:00;c23;a8433;2;t11256897
2023-11-02 12:24:00;c23;a1834;5;t11256897
2023-11-02 12:46:00;c65;a5304;5;t11256939
2023-11-02 12:46:00;c65;a7760;4;t11256939
2023-11-02 12:46:00;c65;a8437;3;t11256939
2023-11-02 12:46:00;c65;a8331;1;t11256939
2023-11-02 12:46:00;c65;a9108;5;t11256939
2023-11-02 12:46:00;c65;a0088024;2;t11256939
2023-11-02 12:46:00;c65;a0091693;5;t11256939
2023-11-02 12:51:00;c34;a6534;3;t11256908
2023-11-02 12:51:00;c34;a7552;1;t11256908
2023-11-02 12:51:00;c34;a7516;1;t11256908
2023-11-02 12:51:00;c34;a2099;1;t11256908
2023-11-02 12:51:00;c34;a7587;1;t11256908
2023-11-02 12:51:00;c34;a3524;4;t11256908
2023-11-02 12:51:00;c34;a7070;4;t11256908
2023-11-02 12:51:00;c34;a2060;4;t11256908
2023-11-02 12:51:00;c34;a7381;4;t11256908
2023-11-02 12:51:00;c34;a8477;5;t11256908
2023-11-02 12:51:00;c34;a5370;5;t11256908
2023-11-02 12:51:00;c34;a0021384;4;t11256908
2023-11-02 12:51:00;c34;a2503;1;t11256908
2023-11-02 12:51:00;c34;a7641;5;t11256908
2023-11-02 12:51:00;c34;a8175;2;t11256908
2023-11-02 12:51:00;c34;a4180;4;t11256908
2023-11-02 12:51:00;c34;a7663;5;t11256908
2023-11-02 13:06:00;c59;a4180;5;t11256933
2023-11-02 13:06:00;c59;a6255;1;t11256933
2023-11-02 13:06:00;c59;a4514;5;t11256933
2023-11-02 13:06:00;c22;a7043;5;t11256896
2023-11-02 13:06:00;c22;a1801;1;t11256896
2023-11-02 13:06:00;c22;a2606;1;t11256896
2023-11-02 13:06:00;c22;a8380;3;t11256896
2023-11-02 13:06:00;c22;a8433;4;t11256896
2023-11-02 13:06:00;c22;a8114;2;t11256896
2023-11-02 13:06:00;c22;a0361;3;t11256896
2023-11-02 13:06:00;c22;a9127;5;t11256896
2023-11-02 13:06:00;c22;a8183;4;t11256896
2023-11-02 13:06:00;c59;a1801;5;t11256933
2023-11-02 13:06:00;c59;a2131;5;t11256933
2023-11-02 13:06:00;c22;a2400;4;t11256896
2023-11-02 13:06:00;c59;a7629;5;t11256933
2023-11-02 13:06:00;c22;a0086924;1;t11256896
2023-11-02 13:06:00;c59;a8447;3;t11256933
2023-11-02 13:06:00;c59;a2912;1;t11256933
2023-11-02 13:06:00;c59;a2687;5;t11256933
2023-11-02 13:06:00;c59;a7596;4;t11256933
2023-11-02 13:06:00;c59;a8923;4;t11256933
2023-11-02 13:06:00;c59;a5898;3;t11256933
2023-11-02 13:06:00;c59;a5882;5;t11256933
2023-11-02 13:06:00;c22;a0021803;4;t11256896
2023-11-02 13:06:00;c22;a6143;2;t11256896
2023-11-02 13:06:00;c59;a9373;5;t11256933
2023-11-02 13:06:00;c22;a7790;1;t11256896
2023-11-02 13:06:00;c59;a0232;4;t11256933
2023-11-02 13:06:00;c59;a0361;5;t11256933
2023-11-02 13:06:00;c59;a3487;1;t11256933
2023-11-02 13:06:00;c59;a0087147;3;t11256933
2023-11-02 13:06:00;c59;a4512;5;t11256933
2023-11-02 13:06:00;c59;a0405;1;t11256933
2023-11-02 13:06:00;c59;a8507;3;t11256933
2023-11-02 13:06:00;c22;a4181;3;t11256896
2023-11-02 13:06:00;c59;a7759;4;t11256933
2023-11-02 13:14:00;c95;a9127;4;t11256969
2023-11-02 13:14:00;c95;a7765;1;t11256969
2023-11-02 13:14:00;c95;a6534;5;t11256969
2023-11-02 13:14:00;c95;a7744;5;t11256969
2023-11-02 13:14:00;c95;a0225;3;t11256969
2023-11-02 13:14:00;c95;a3091;4;t11256969
2023-11-02 13:14:00;c95;a6117;3;t11256969
2023-11-02 13:14:00;c95;a7537;1;t11256969
2023-11-02 13:14:00;c95;a2716;5;t11256969
2023-11-02 13:14:00;c95;a0088096;2;t11256969
2023-11-02 13:14:00;c95;a0404;5;t11256969
2023-11-02 13:14:00;c95;a8427;3;t11256969
2023-11-02 13:14:00;c95;a2876;5;t11256969
2023-11-02 13:22:00;c56;a4487;3;t11256930
2023-11-02 13:22:00;c56;a1810;3;t11256930
2023-11-02 13:22:00;c56;a8099;5;t11256930
2023-11-02 13:22:00;c56;a1628;1;t11256930
2023-11-02 13:22:00;c56;a2687;5;t11256930
2023-11-02 13:22:00;c56;a7759;5;t11256930
2023-11-02 13:22:00;c56;a2221;3;t11256930
2023-11-02 13:22:00;c56;a7765;5;t11256930
2023-11-02 13:22:00;c56;a8177;1;t11256930
2023-11-02 13:22:00;c56;a7848;5;t11256930
2023-11-02 13:22:00;c56;a6649;1;t11256930
2023-11-02 13:22:00;c56;a3073;1;t11256930
2023-11-02 13:22:00;c56;a5318;2;t11256930
2023-11-02 13:22:00;c56;a0020647;5;t11256930
2023-11-02 13:22:00;c56;a9050;3;t11256930
2023-11-02 13:22:00;c56;a2453;1;t11256930
2023-11-02 13:22:00;c56;a5233;5;t11256930
2023-11-02 13:22:00;c56;a9281;1;t11256930
2023-11-02 13:22:00;c56;a7641;1;t11256930
2023-11-02 13:22:00;c56;a0322;5;t11256930
2023-11-02 13:22:00;c56;a8133;3;t11256930
2023-11-02 13:22:00;c56;a5102;5;t11256930
2023-11-02 13:39:00;c61;a7755;5;t11256935
2023-11-02 13:39:00;c61;a7044;4;t11256935
2023-11-02 13:39:00;c61;a8366;1;t11256935
2023-11-02 13:39:00;c61;a2687;5;t11256935
2023-11-02 13:39:00;c61;a6449;1;t11256935
2023-11-02 13:39:00;c61;a8214;4;t11256935
2023-11-02 13:39:00;c61;a8000;2;t11256935
2023-11-02 13:39:00;c61;a9296;1;t11256935
2023-11-02 13:39:00;c61;a2876;4;t11256935
2023-11-02 13:39:00;c61;a7070;4;t11256935
2023-11-02 13:39:00;c61;a4493;4;t11256935
2023-11-02 13:54:00;c97;a8110;2;t11256971
2023-11-02 13:54:00;c97;a1801;4;t11256971
2023-11-02 13:54:00;c97;a5962;5;t11256971
2023-11-02 13:54:00;c97;a4496;3;t11256971
2023-11-02 13:54:00;c97;a7381;1;t11256971
2023-11-02 13:54:00;c97;a8921;4;t11256971
2023-11-02 13:54:00;c97;a1642;2;t11256971
2023-11-02 13:54:00;c97;a7552;4;t11256971
2023-11-02 13:54:00;c97;a5861;3;t11256971
2023-11-02 13:54:00;c97;a2350;1;t11256971
2023-11-02 13:54:00;c97;a3487;4;t11256971
2023-11-02 13:54:00;c97;a8397;3;t11256971
2023-11-02 13:54:00;c97;a7741;2;t11256971
2023-11-02 13:54:00;c97;a4354;3;t11256971
2023-11-02 13:54:00;c97;a6534;3;t11256971
2023-11-02 13:54:00;c97;a1808;2;t11256971
2023-11-02 14:05:00;c98;a1602;2;t11256972
2023-11-02 14:05:00;c98;a0405;1;t11256972
2023-11-02 14:05:00;c98;a2876;1;t11256972
2023-11-02 14:05:00;c98;a0244;2;t11256972
2023-11-02 14:05:00;c98;a7838;2;t11256972
2023-11-02 14:05:00;c98;a8923;1;t11256972
2023-11-02 14:05:00;c98;a6449;2;t11256972
2023-11-02 14:05:00;c98;a5177;4;t11256972
2023-11-02 14:10:00;c53;a2925;1;t11256927
2023-11-02 14:10:00;c53;a5129;5;t11256927
2023-11-02 14:10:00;c53;a5179;5;t11256927
2023-11-02 14:10:00;c53;a6551;3;t11256927
2023-11-02 14:10:00;c53;a0245;4;t11256927
2023-11-02 14:10:00;c53;a8229;1;t11256927
2023-11-02 14:10:00;c53;a2564;2;t11256927
2023-11-02 14:10:00;c53;a9372;5;t11256927
2023-11-02 14:10:00;c53;a0225;3;t11256927
2023-11-02 14:10:00;c53;a9068;5;t11256927
2023-11-02 14:10:00;c53;a7760;5;t11256927
2023-11-02 14:10:00;c53;a7552;3;t11256927
2023-11-02 14:10:00;c53;a9144;4;t11256927
2023-11-02 14:10:00;c53;a3524;3;t11256927
2023-11-02 14:10:00;c53;a5031;3;t11256927
2023-11-02 14:22:00;c18;a8183;1;t11256892
2023-11-02 14:22:00;c18;a8455;2;t11256892
2023-11-02 14:22:00;c18;a6500;5;t11256892
2023-11-02 14:22:00;c18;a0225;2;t11256892
2023-11-02 14:22:00;c18;a7824;3;t11256892
2023-11-02 14:22:00;c18;a3580;2;t11256892
2023-11-02 14:22:00;c18;a7382;1;t11256892
2023-11-02 14:22:00;c18;a7663;1;t11256892
2023-11-02 14:22:00;c18;a1618;1;t11256892
2023-11-02 14:22:00;c18;a0020088;2;t11256892
2023-11-02 14:22:00;c18;a2656;5;t11256892
2023-11-02 14:22:00;c18;a7840;3;t11256892
2023-11-02 14:30:00;c69;a3580;3;t11256943
2023-11-02 14:30:00;c69;a5907;5;t11256943
2023-11-02 14:30:00;c69;a2443;1;t11256943
2023-11-02 14:30:00;c69;a6170;3;t11256943
2023-11-02 14:30:00;c69;a1801;1;t11256943
2023-11-02 14:30:00;c69;a2543;4;t11256943
2023-11-02 14:30:00;c69;a5882;2;t11256943
2023-11-02 14:30:00;c69;a3524;5;t11256943
2023-11-02 14:30:00;c69;a7848;1;t11256943
2023-11-02 14:30:00;c69;a7516;3;t11256943
2023-11-02 14:30:00;c69;a8110;4;t11256943
2023-11-02 14:30:00;c69;a7596;2;t11256943
2023-11-02 14:30:00;c69;a8455;1;t11256943
2023-11-02 14:30:00;c69;a2454;1;t11256943
2023-11-02 14:30:00;c69;a1618;5;t11256943
2023-11-02 14:30:00;c69;a0370;5;t11256943
2023-11-02 14:34:00;c13;a4514;3;t11256887
2023-11-02 14:34:00;c13;a7632;2;t11256887
2023-11-02 14:34:00;c13;a9144;2;t11256887
2023-11-02 14:34:00;c13;a7787;2;t11256887
2023-11-02 14:34:00;c13;a7678;1;t11256887
2023-11-02 14:34:00;c13;a8077;5;t11256887
2023-11-02 14:34:00;c13;a7762;1;t11256887
2023-11-02 14:34:00;c13;a2255;5;t11256887
2023-11-02 14:34:00;c13;a1641;2;t11256887
2023-11-02 14:34:00;c13;a6449;4;t11256887
2023-11-02 14:34:00;c13;a6102;3;t11256887
2023-11-02 14:34:00;c13;a8183;2;t11256887
2023-11-02 14:37:00;c28;a2443;4;t11256902
2023-11-02 14:37:00;c28;a5179;3;t11256902
2023-11-02 14:37:00;c28;a2221;4;t11256902
2023-11-02 14:37:00;c28;a8214;3;t11256902
2023-11-02 14:37:00;c28;a6649;1;t11256902
2023-11-02 14:37:00;c28;a2453;1;t11256902
2023-11-02 14:37:00;c28;a2707;5;t11256902
2023-11-02 14:37:00;c28;a8177;3;t11256902
2023-11-02 14:37:00;c28;a8224;4;t11256902
2023-11-02 14:37:00;c28;a7742;3;t11256902
2023-11-02 14:37:00;c28;a0088024;2;t11256902
2023-11-02 14:37:00;c28;a5540;1;t11256902
2023-11-02 14:37:00;c28;a4490;1;t11256902
2023-11-02 14:42:00;c8;a5128;3;t11256882
2023-11-02 14:42:00;c8;a0021384;1;t11256882
2023-11-02 14:42:00;c8;a4481;2;t11256882
2023-11-02 14:42:00;c8;a3066;5;t11256882
2023-11-02 14:42:00;c8;a8084;1;t11256882
2023-11-02 14:42:00;c8;a2453;3;t11256882
2023-11-02 14:42:00;c8;a0218;4;t11256882
2023-11-02 14:42:00;c8;a8127;1;t11256882
2023-11-02 14:42:00;c8;a3248;5;t11256882
2023-11-02 14:42:00;c8;a0086760;3;t11256882
2023-11-02 14:42:00;c8;a8477;5;t11256882
2023-11-02 14:42:00;c8;a5498;5;t11256882
2023-11-02 14:42:00;c8;a8947;3;t11256882
2023-11-02 14:42:00;c8;a7835;1;t11256882
2023-11-02 14:42:00;c8;a8216;2;t11256882
2023-11-02 14:42:00;c8;a2111;4;t11256882
2023-11-02 14:42:00;c8;a8264;2;t11256882
2023-11-02 14:42:00;c8;a6649;2;t11256882
2023-11-02 14:42:00;c8;a6407;5;t11256882
2023-11-02 14:42:00;c8;a1624;1;t11256882
2023-11-02 14:42:00;c8;a0377;1;t11256882
2023-11-02 14:42:00;c8;a7369;5;t11256882
2023-11-02 14:42:00;c8;a0223;5;t11256882
2023-11-02 14:53:00;c89;a0320;2;t11256963
2023-11-02 14:53:00;c89;a6100;4;t11256963
2023-11-02 14:53:00;c89;a9050;1;t11256963
2023-11-02 14:53:00;c89;a6408;2;t11256963
2023-11-02 14:53:00;c89;a3091;4;t11256963
2023-11-02 15:00:00;c88;a1834;4;t11256962
2023-11-02 15:00:00;c88;a7338;1;t11256962
2023-11-02 15:00:00;c88;a1647;5;t11256962
2023-11-02 15:00:00;c88;a2443;4;t11256962
2023-11-02 15:00:00;c88;a2752;1;t11256962
2023-11-02 15:00:00;c88;a2350;5;t11256962
2023-11-02 15:00:00;c88;a0010016;4;t11256962
2023-11-02 15:00:00;c88;a5983;2;t11256962
2023-11-02 15:02:00;c86;a8122;3;t11256960
2023-11-02 15:02:00;c86;a8155;4;t11256960
2023-11-02 15:02:00;c86;a0322;5;t11256960
2023-11-02 15:02:00;c86;a8264;4;t11256960
2023-11-02 15:02:00;c86;a2442;4;t11256960
2023-11-02 15:02:00;c86;a4514;5;t11256960
2023-11-02 15:02:00;c86;a8437;5;t11256960
2023-11-02 15:02:00;c86;a5882;4;t11256960
2023-11-02 15:02:00;c86;a7369;2;t11256960
2023-11-02 15:02:00;c86;a0206;5;t11256960
2023-11-02 15:02:00;c86;a7741;1;t11256960
2023-11-02 15:02:00;c86;a7755;4;t11256960
2023-11-02 15:02:00;c86;a5898;3;t11256960
2023-11-02 15:02:00;c86;a7589;4;t11256960
2023-11-02 15:02:00;c86;a8216;2;t11256960
2023-11-02 15:02:00;c86;a7630;2;t11256960
2023-11-02 15:02:00;c86;a8224;4;t11256960
2023-11-02 15:02:00;c86;a0021384;2;t11256960
2023-11-02 15:05:00;c43;a0209;4;t11256917
2023-11-02 15:05:00;c43;a2221;5;t11256917
2023-11-02 15:05:00;c43;a2737;5;t11256917
2023-11-02 15:05:00;c43;a4490;1;t11256917
2023-11-02 15:05:00;c43;a8447;2;t11256917
2023-11-02 15:05:00;c43;a3028;5;t11256917
2023-11-02 15:22:00;c57;a7596;5;t11256931
2023-11-02 15:22:00;c57;a8092;5;t11256931
2023-11-02 15:22:00;c57;a2543;2;t11256931
2023-11-02 15:22:00;c57;a8433;3;t11256931
2023-11-02 15:22:00;c57;a6252;3;t11256931
2023-11-02 15:22:00;c57;a0086903;2;t11256931
2023-11-02 15:22:00;c57;a2089;1;t11256931
2023-11-02 15:22:00;c57;a8086;4;t11256931
2023-11-02 15:22:00;c57;a7614;4;t11256931
2023-11-02 15:22:00;c57;a9372;3;t11256931
2023-11-02 15:22:00;c57;a0086975;4;t11256931
2023-11-02 15:22:00;c57;a4493;2;t11256931
2023-11-02 15:22:00;c57;a7838;2;t11256931
2023-11-02 15:22:00;c57;a6251;1;t11256931
2023-11-02 15:22:00;c57;a5031;4;t11256931
2023-11-02 15:22:00;c57;a0020018;1;t11256931
2023-11-02 15:22:00;c57;a6330;5;t11256931
2023-11-02 15:22:00;c57;a7824;2;t11256931
2023-11-02 15:22:00;c57;a7369;1;t11256931
2023-11-02 15:22:00;c57;a8922;4;t11256931
2023-11-02 15:25:00;c76;a2760;4;t11256950
2023-11-02 15:25:00;c76;a3248;3;t11256950
2023-11-02 15:25:00;c76;a8133;4;t11256950
2023-11-02 15:25:00;c76;a2111;4;t11256950
2023-11-02 15:25:00;c76;a9296;4;t11256950
2023-11-02 15:25:00;c76;a8411;2;t11256950
2023-11-02 15:25:00;c76;a1602;2;t11256950
2023-11-02 15:25:00;c76;a7043;5;t11256950
2023-11-02 15:25:00;c76;a8417;2;t11256950
2023-11-02 15:25:00;c76;a1642;1;t11256950
2023-11-02 15:25:00;c76;a3040;2;t11256950
2023-11-02 15:43:00;c85;a1808;1;t11256959
2023-11-02 15:43:00;c85;a2716;2;t11256959
2023-11-02 15:43:00;c85;a6500;5;t11256959
2023-11-02 15:43:00;c85;a8417;5;t11256959
2023-11-02 15:43:00;c85;a4180;1;t11256959
2023-11-02 15:43:00;c85;a3040;3;t11256959
2023-11-02 15:43:00;c85;a8187;4;t11256959
2023-11-02 15:43:00;c85;a1602;5;t11256959
2023-11-02 15:52:00;c68;a7824;3;t11256942
2023-11-02 15:52:00;c68;a7747;5;t11256942
2023-11-02 15:52:00;c68;a4487;3;t11256942
2023-11-02 15:52:00;c68;a8134;5;t11256942
2023-11-02 15:52:00;c68;a8153;2;t11256942
2023-11-02 15:52:00;c68;a7551;2;t11256942
2023-11-02 15:52:00;c68;a1618;4;t11256942
2023-11-02 15:52:00;c68;a5861;4;t11256942
2023-11-02 15:52:00;c68;a5835;5;t11256942
2023-11-02 15:52:00;c68;a0377;5;t11256942
2023-11-02 15:52:00;c68;a8455;1;t11256942
2023-11-02 15:52:00;c68;a5177;1;t11256942
2023-11-02 15:52:00;c68;a7787;3;t11256942
2023-11-02 15:52:00;c68;a4512;4;t11256942
2023-11-02 15:52:00;c68;a0322;1;t11256942
2023-11-02 15:52:00;c68;a5304;4;t11256942
2023-11-02 15:52:00;c68;a9373;1;t11256942
2023-11-02 15:52:00;c68;a9050;3;t11256942
2023-11-02 15:52:00;c68;a7338;5;t11256942
2023-11-02 15:52:00;c68;a7070;2;t11256942
2023-11-02 15:52:00;c68;a0211;2;t11256942
2023-11-02 16:08:00;c47;a1618;5;t11256921
2023-11-02 16:08:00;c47;a0090927;5;t11256921
2023-11-02 16:08:00;c47;a7741;2;t11256921
2023-11-02 16:08:00;c47;a5920;3;t11256921
2023-11-02 16:08:00;c47;a7760;4;t11256921
2023-11-02 16:08:00;c47;a2442;2;t11256921
2023-11-02 16:08:00;c47;a8434;5;t11256921
2023-11-02 16:08:00;c47;a7650;4;t11256921
2023-11-02 16:08:00;c47;a8224;4;t11256921
2023-11-02 16:08:00;c47;a9196;4;t11256921
2023-11-02 16:08:00;c47;a8215;5;t11256921
2023-11-02 16:08:00;c47;a1620;5;t11256921
2023-11-02 16:08:00;c47;a4512;1;t11256921
2023-11-02 16:08:00;c47;a2876;4;t11256921
2023-11-02 16:10:00;c52;a2545;5;t11256926
2023-11-02 16:10:00;c52;a0404;1;t11256926
2023-11-02 16:10:00;c52;a7740;1;t11256926
2023-11-02 16:10:00;c52;a6217;4;t11256926
2023-11-02 16:10:00;c52;a2223;2;t11256926
2023-11-02 16:10:00;c52;a5835;2;t11256926
2023-11-02 16:10:00;c52;a8077;5;t11256926
2023-11-02 16:10:00;c52;a2925;2;t11256926
2023-11-02 16:10:00;c52;a0245;1;t11256926
2023-11-02 16:11:00;c80;a7369;5;t11256954
2023-11-02 16:11:00;c80;a2545;2;t11256954
2023-11-02 16:11:00;c80;a8229;4;t11256954
2023-11-02 16:11:00;c80;a1642;4;t11256954
2023-11-02 16:11:00;c80;a1834;5;t11256954
2023-11-02 16:11:00;c80;a8122;4;t11256954
2023-11-02 16:11:00;c80;a6117;3;t11256954
2023-11-02 16:11:00;c80;a5129;1;t11256954
2023-11-02 16:11:00;c80;a5858;1;t11256954
2023-11-02 16:11:00;c80;a0223;2;t11256954
2023-11-02 16:11:00;c80;a8447;5;t11256954
2023-11-02 16:11:00;c80;a7579;2;t11256954
2023-11-02 16:11:00;c80;a9372;1;t11256954
2023-11-02 16:11:00;c80;a8153;3;t11256954
2023-11-02 16:11:00;c80;a5824;5;t11256954
2023-11-02 16:11:00;c80;a0218;4;t11256954
2023-11-02 16:15:00;c41;a5907;3;t11256915
2023-11-02 16:15:00;c41;a6100;1;t11256915
2023-11-02 16:15:00;c41;a9068;4;t11256915
2023-11-02 16:15:00;c41;a0091463;1;t11256915
2023-11-02 16:15:00;c41;a6117;1;t11256915
2023-11-02 16:15:00;c41;a3484;5;t11256915
2023-11-02 16:15:00;c41;a0020830;2;t11256915
2023-11-02 16:15:00;c41;a7294;2;t11256915
2023-11-02 16:15:00;c41;a2442;1;t11256915
2023-11-02 16:15:00;c41;a2454;3;t11256915
2023-11-02 16:15:00;c41;a7654;4;t11256915
2023-11-02 16:15:00;c41;a2412;4;t11256915
2023-11-02 16:15:00;c41;a5129;1;t11256915
2023-11-02 16:15:00;c41;a1834;1;t11256915
2023-11-02 16:15:00;c41;a3066;2;t11256915
2023-11-02 16:15:00;c41;a1624;5;t11256915
2023-11-02 16:15:00;c41;a7771;1;t11256915
2023-11-02 16:15:00;c41;a7596;2;t11256915
2023-11-02 16:15:00;c41;a7632;3;t11256915
2023-11-02 16:15:00;c41;a0086975;3;t11256915
2023-11-02 16:15:00;c41;a2422;2;t11256915
2023-11-02 16:15:00;c41;a2407;2;t11256915
2023-11-02 16:15:00;c41;a7650;4;t11256915
2023-11-02 16:15:00;c41;a8136;3;t11256915
2023-11-02 16:21:00;c93;a7044;3;t11256967
2023-11-02 16:21:00;c93;a0088096;2;t11256967
2023-11-02 16:21:00;c93;a9318;3;t11256967
2023-11-02 16:21:00;c93;a7516;5;t11256967
2023-11-02 16:21:00;c93;a6534;4;t11256967
2023-11-02 16:21:00;c93;a6628;5;t11256967
2023-11-02 16:21:00;c93;a0091272;4;t11256967
2023-11-02 16:21:00;c93;a5920;2;t11256967
2023-11-02 16:21:00;c93;a7883;2;t11256967
2023-11-02 16:21:00;c93;a7882;1;t11256967
2023-11-02 16:21:00;c93;a7840;4;t11256967
2023-11-02 16:21:00;c93;a1620;2;t11256967
2023-11-02 16:21:00;c93;a3248;5;t11256967
2023-11-02 16:24:00;c79;a7744;1;t11256953
2023-11-02 16:24:00;c79;a7044;5;t11256953
2023-11-02 16:24:00;c79;a2089;3;t11256953
2023-11-02 16:24:00;c79;a8215;3;t11256953
2023-11-02 16:24:00;c79;a6500;2;t11256953
2023-11-02 16:24:00;c79;a5031;4;t11256953
2023-11-02 16:24:00;c79;a5797;3;t11256953
2023-11-02 16:24:00;c79;a7633;5;t11256953
2023-11-02 16:24:00;c79;a7840;2;t11256953
2023-11-02 16:24:00;c79;a2412;5;t11256953
2023-11-02 16:24:00;c79;a7551;5;t11256953
2023-11-02 16:24:00;c79;a4294;3;t11256953
2023-11-02 16:24:00;c79;a6407;1;t11256953
2023-11-02 16:24:00;c79;a7662;5;t11256953
2023-11-02 16:24:00;c79;a5177;3;t11256953
2023-11-02 16:27:00;c32;a2212;3;t11256906
2023-11-02 16:27:00;c32;a6649;5;t11256906
2023-11-02 16:27:00;c32;a6102;1;t11256906
2023-11-02 16:27:00;c32;a8086;2;t11256906
2023-11-02 16:27:00;c32;a1618;1;t11256906
2023-11-02 16:27:00;c32;a8427;3;t11256906
2023-11-02 16:27:00;c32;a7641;4;t11256906
2023-11-02 16:27:00;c32;a0232;4;t11256906
2023-11-02 16:27:00;c32;a9203;3;t11256906
2023-11-02 16:27:00;c32;a0206;2;t11256906
2023-11-02 16:27:00;c32;a5865;1;t11256906
2023-11-02 16:27:00;c32;a7771;5;t11256906
2023-11-02 16:27:00;c32;a0226;3;t11256906
2023-11-02 16:27:00;c32;a5835;4;t11256906
2023-11-02 16:27:00;c32;a1813;2;t11256906
2023-11-02 16:27:00;c32;a7551;5;t11256906
2023-11-02 16:27:00;c32;a5983;2;t11256906
2023-11-02 16:27:00;c32;a5870;4;t11256906
2023-11-02 16:27:00;c32;a3066;5;t11256906
2023-11-02 16:27:00;c32;a5724;2;t11256906
2023-11-02 16:28:00;c51;a2407;1;t11256925
2023-11-02 16:28:00;c51;a8215;5;t11256925
2023-11-02 16:28:00;c51;a7381;3;t11256925
2023-11-02 16:28:00;c51;a5835;4;t11256925
2023-11-02 16:28:00;c51;a3073;3;t11256925
2023-11-02 16:28:00;c51;a2099;2;t11256925
2023-11-02 16:28:00;c51;a0020830;4;t11256925
2023-11-02 16:28:00;c51;a7551;3;t11256925
2023-11-02 16:28:00;c51;a3066;4;t11256925
2023-11-02 16:28:00;c51;a8177;4;t11256925
2023-11-02 16:28:00;c51;a5861;4;t11256925
2023-11-02 16:39:00;c37;a6102;5;t11256911
2023-11-02 16:39:00;c37;a2443;1;t11256911
2023-11-02 16:39:00;c37;a0020647;2;t11256911
2023-11-02 16:39:00;c37;a7885;4;t11256911
2023-11-02 16:39:00;c37;a2543;2;t11256911
2023-11-02 16:39:00;c37;a5797;3;t11256911
2023-11-02 16:39:00;c37;a0088024;2;t11256911
2023-11-02 16:39:00;c37;a0211;4;t11256911
2023-11-02 16:39:00;c37;a2099;2;t11256911
2023-11-02 16:39:00;c37;a8447;5;t11256911
2023-11-02 16:39:00;c37;a5370;3;t11256911
2023-11-02 16:39:00;c37;a8086;1;t11256911
2023-11-02 16:39:00;c37;a3484;3;t11256911
2023-11-02 16:39:00;c37;a0020830;5;t11256911
2023-11-02 16:39:00;c37;a9050;4;t11256911
2023-11-02 16:39:00;c37;a0086924;1;t11256911
2023-11-02 16:39:00;c37;a5882;5;t11256911
2023-11-02 16:41:00;c40;a7678;3;t11256914
2023-11-02 16:41:00;c40;a8922;3;t11256914
2023-11-02 16:41:00;c40;a6253;4;t11256914
2023-11-02 16:41:00;c40;a2008;4;t11256914
2023-11-02 16:41:00;c40;a7696;4;t11256914
2023-11-02 16:41:00;c40;a8963;3;t11256914
2023-11-02 16:41:00;c40;a8175;2;t11256914
2023-11-02 16:50:00;c70;a7663;2;t11256944
2023-11-02 16:50:00;c70;a5177;4;t11256944
2023-11-02 16:50:00;c70;a9108;4;t11256944
2023-11-02 16:50:00;c70;a3222;2;t11256944
2023-11-02 16:50:00;c70;a3524;1;t11256944
2023-11-02 16:50:00;c70;a2453;5;t11256944
2023-11-02 16:50:00;c70;a7740;3;t11256944
2023-11-02 16:50:00;c70;a5031;1;t11256944
2023-11-02 16:50:00;c70;a8447;4;t11256944
2023-11-02 16:50:00;c70;a6699;2;t11256944
2023-11-02 16:50:00;c70;a6295;3;t11256944
2023-11-02 16:50:00;c70;a1608;1;t11256944
2023-11-02 16:50:00;c70;a9296;2;t11256944
2023-11-02 16:50:00;c70;a0322;1;t11256944
2023-11-02 16:50:00;c70;a0086975;4;t11256944
2023-11-02 16:50:00;c70;a5797;1;t11256944
2023-11-02 16:50:00;c70;a9469;2;t11256944
2023-11-02 16:50:00;c70;a8092;2;t11256944
2023-11-02 16:50:00;c70;a7760;1;t11256944
2023-11-02 16:50:00;c70;a7587;1;t11256944
2023-11-02 16:50:00;c70;a2221;3;t11256944
2023-11-02 16:50:00;c70;a1817;2;t11256944
2023-11-02 16:50:00;c70;a4181;4;t11256944
2023-11-02 16:51:00;c12;a8433;5;t11256886
2023-11-02 16:51:00;c12;a8084;4;t11256886
2023-11-02 16:51:00;c12;a0322;3;t11256886
2023-11-02 16:51:00;c12;a6255;3;t11256886
2023-11-02 16:51:00;c12;a8000;3;t11256886
2023-11-02 16:51:00;c12;a8177;1;t11256886
2023-11-02 16:51:00;c12;a8127;5;t11256886
2023-11-02 16:51:00;c12;a7848;3;t11256886
2023-11-02 16:51:00;c12;a1608;5;t11256886
2023-11-02 16:51:00;c12;a7842;2;t11256886
2023-11-02 16:51:00;c12;a7437;1;t11256886
2023-11-02 16:51:00;c12;a6251;3;t11256886
2023-11-02 16:51:00;c12;a7551;2;t11256886
2023-11-02 16:51:00;c12;a2535;5;t11256886
2023-11-02 16:51:00;c12;a7762;4;t11256886
2023-11-02 16:51:00;c12;a7744;3;t11256886
2023-11-02 16:51:00;c12;a5233;4;t11256886
2023-11-02 16:51:00;c12;a2131;2;t11256886
2023-11-02 16:51:00;c12;a0020830;3;t11256886
2023-11-02 16:51:00;c12;a8963;5;t11256886
2023-11-02 16:51:00;c12;a0232;2;t11256886
2023-11-02 16:51:00;c12;a0021384;4;t11256886
2023-11-02 16:51:00;c12;a2352;3;t11256886
2023-11-02 16:59:00;c77;a9196;3;t11256951
2023-11-02 16:59:00;c77;a6251;3;t11256951
2023-11-02 16:59:00;c77;a7382;3;t11256951
2023-11-02 16:59:00;c77;a7840;3;t11256951
2023-11-02 16:59:00;c77;a7885;5;t11256951
2023-11-02 16:59:00;c77;a7629;1;t11256951
2023-11-02 16:59:00;c77;a0322;5;t11256951
2023-11-02 16:59:00;c77;a2876;4;t11256951
2023-11-02 16:59:00;c77;a8443;3;t11256951
2023-11-02 16:59:00;c77;a6117;3;t11256951
2023-11-02 16:59:00;c77;a7838;5;t11256951
2023-11-02 16:59:00;c77;a1641;3;t11256951
2023-11-02 16:59:00;c77;a2412;2;t11256951
2023-11-02 16:59:00;c77;a5920;1;t11256951
2023-11-02 16:59:00;c77;a8084;5;t11256951
2023-11-02 16:59:00;c77;a8133;5;t11256951
2023-11-02 16:59:00;c77;a7294;5;t11256951
2023-11-02 16:59:00;c77;a2443;3;t11256951
2023-11-02 16:59:00;c77;a5370;5;t11256951
2023-11-02 16:59:00;c77;a5983;1;t11256951
2023-11-02 17:18:00;c29;a8155;1;t11256903
2023-11-02 17:18:00;c29;a0242;2;t11256903
2023-11-02 17:18:00;c29;a7437;2;t11256903
2023-11-02 17:18:00;c29;a5882;4;t11256903
2023-11-02 17:18:00;c29;a6255;5;t11256903
2023-11-02 17:18:00;c29;a8411;3;t11256903
2023-11-02 17:18:00;c29;a6628;3;t11256903
2023-11-02 17:18:00;c29;a2459;2;t11256903
2023-11-02 17:18:00;c29;a7616;4;t11256903
2023-11-02 17:18:00;c29;a5572;4;t11256903
2023-11-02 17:18:00;c29;a8122;4;t11256903
2023-11-02 17:18:00;c29;a7596;5;t11256903
2023-11-02 17:25:00;c17;a4493;2;t11256891
2023-11-02 17:25:00;c17;a5724;4;t11256891
2023-11-02 17:25:00;c17;a1811;2;t11256891
2023-11-02 17:25:00;c17;a8485;3;t11256891
2023-11-02 17:25:00;c17;a4512;5;t11256891
2023-11-02 17:32:00;c63;a3222;3;t11256937
2023-11-02 17:32:00;c63;a6408;2;t11256937
2023-11-02 17:32:00;c63;a7589;1;t11256937
2023-11-02 17:32:00;c63;a7760;1;t11256937
2023-11-02 17:32:00;c63;a8138;2;t11256937
2023-11-02 17:32:00;c63;a8435;3;t11256937
2023-11-02 17:32:00;c63;a0302;2;t11256937
2023-11-02 17:32:00;c63;a0020235;4;t11256937
2023-11-02 17:32:00;c63;a2656;5;t11256937
2023-11-02 17:32:00;c63;a8923;1;t11256937
2023-11-02 17:32:00;c63;a0322;4;t11256937
2023-11-02 17:32:00;c63;a6500;3;t11256937
2023-11-02 17:32:00;c63;a8000;3;t11256937
2023-11-02 17:32:00;c63;a4354;1;t11256937
2023-11-02 17:32:00;c63;a7838;5;t11256937
2023-11-02 17:41:00;c21;a8099;2;t11256895
2023-11-02 17:41:00;c21;a8427;5;t11256895
2023-11-02 17:41:00;c21;a6449;3;t11256895
2023-11-02 17:41:00;c21;a0020647;1;t11256895
2023-11-02 17:41:00;c21;a1602;1;t11256895
2023-11-02 17:41:00;c21;a0242;5;t11256895
2023-11-02 17:41:00;c2;a2543;2;t11256876
2023-11-02 17:41:00;c21;a6217;1;t11256895
2023-11-02 17:41:00;c21;a9318;4;t11256895
2023-11-02 17:41:00;c2;a7294;3;t11256876
2023-11-02 17:41:00;c21;a9108;2;t11256895
2023-11-02 17:41:00;c2;a7683;4;t11256876
2023-11-02 17:41:00;c2;a3067;2;t11256876
2023-11-02 17:41:00;c2;a7629;5;t11256876
2023-11-02 17:41:00;c21;a3040;3;t11256895
2023-11-02 17:41:00;c21;a5498;5;t11256895
2023-11-02 17:41:00;c21;a2880;2;t11256895
2023-11-02 17:41:00;c21;a0021965;1;t11256895
2023-11-02 18:02:00;c73;a7551;5;t11256947
2023-11-02 18:02:00;c73;a8411;5;t11256947
2023-11-02 18:02:00;c73;a3248;5;t11256947
2023-11-02 18:02:00;c73;a2352;3;t11256947
2023-11-02 18:02:00;c73;a6255;3;t11256947
2023-11-02 18:02:00;c73;a7579;5;t11256947
2023-11-02 18:02:00;c73;a5361;4;t11256947
2023-11-02 18:02:00;c73;a7838;3;t11256947
2023-11-02 18:02:00;c73;a6100;5;t11256947
2023-11-02 18:02:00;c73;a6699;3;t11256947
2023-11-02 18:02:00;c73;a8331;1;t11256947
2023-11-02 18:02:00;c73;a3028;5;t11256947
2023-11-02 18:02:00;c73;a7613;5;t11256947
2023-11-02 18:02:00;c73;a2442;1;t11256947
2023-11-02 18:02:00;c73;a0245;1;t11256947
2023-11-02 18:02:00;c73;a8155;3;t11256947
2023-11-02 18:02:00;c73;a7840;3;t11256947
2023-11-02 18:02:00;c73;a0088096;5;t11256947
2023-11-02 18:02:00;c73;a5572;1;t11256947
2023-11-02 18:02:00;c73;a7787;4;t11256947
2023-11-02 18:04:00;c36;a2884;5;t11256910
2023-11-02 18:04:00;c36;a8092;3;t11256910
2023-11-02 18:04:00;c36;a3580;3;t11256910
2023-11-02 18:04:00;c36;a6170;5;t11256910
2023-11-02 18:04:00;c36;a5920;2;t11256910
2023-11-02 18:04:00;c36;a7660;1;t11256910
2023-11-02 18:04:00;c36;a3091;3;t11256910
2023-11-02 18:04:00;c36;a0232;4;t11256910
2023-11-02 18:04:00;c36;a7516;4;t11256910
2023-11-02 18:04:00;c36;a9469;5;t11256910
2023-11-02 18:04:00;c36;a2442;3;t11256910
2023-11-02 18:04:00;c36;a4514;3;t11256910
2023-11-02 18:04:00;c36;a8436;1;t11256910
2023-11-02 18:07:00;c44;a9469;3;t11256918
2023-11-02 18:07:00;c44;a2880;5;t11256918
2023-11-02 18:07:00;c44;a8133;1;t11256918
2023-11-02 18:07:00;c44;a7550;2;t11256918
2023-11-02 18:07:00;c44;a0021965;1;t11256918
2023-11-02 18:07:00;c44;a5304;5;t11256918
2023-11-02 18:07:00;c44;a1628;3;t11256918
2023-11-02 18:07:00;c44;a7755;4;t11256918
2023-11-02 18:07:00;c44;a2884;4;t11256918
2023-11-02 18:07:00;c44;a7665;4;t11256918
2023-11-02 18:07:00;c44;a8183;3;t11256918
2023-11-02 18:07:00;c44;a5865;2;t11256918
2023-11-02 18:07:00;c44;a8092;2;t11256918
2023-11-02 18:07:00;c44;a1602;1;t11256918
2023-11-02 18:07:00;c44;a2400;3;t11256918
2023-11-02 18:07:00;c44;a8216;1;t11256918
2023-11-02 18:07:00;c44;a8495;5;t11256918
2023-11-02 18:07:00;c44;a3040;2;t11256918
2023-11-02 18:07:00;c44;a7630;1;t11256918
2023-11-02 18:07:00;c44;a7068;4;t11256918
2023-11-02 18:07:00;c44;a4294;5;t11256918
2023-11-02 18:35:00;c64;a5179;5;t11256938
2023-11-02 18:35:00;c92;a7043;1;t11256966
2023-11-02 18:35:00;c92;a3067;3;t11256966
2023-11-02 18:35:00;c64;a5983;5;t11256938
2023-11-02 18:35:00;c92;a8000;3;t11256966
2023-11-02 18:35:00;c64;a7663;5;t11256938
2023-11-02 18:35:00;c64;a8402;5;t11256938
2023-11-02 18:35:00;c64;a8331;4;t11256938
2023-11-02 18:35:00;c64;a2606;4;t11256938
2023-11-02 18:35:00;c64;a0091463;4;t11256938
2023-11-02 18:35:00;c64;a7742;5;t11256938
2023-11-02 18:35:00;c92;a5835;5;t11256966
2023-11-02 18:35:00;c92;a8177;1;t11256966
2023-11-02 18:35:00;c92;a8427;4;t11256966
2023-11-02 18:35:00;c92;a2543;1;t11256966
2023-11-02 18:35:00;c92;a7787;1;t11256966
2023-11-02 18:35:00;c92;a7876;1;t11256966
2023-11-02 18:35:00;c92;a1817;5;t11256966
2023-11-02 19:05:00;c3;a8477;2;t11256877
2023-11-02 19:05:00;c3;a5177;2;t11256877
2023-11-02 19:05:00;c3;a6102;2;t11256877
2023-11-02 19:05:00;c3;a0091272;5;t11256877
2023-11-02 19:05:00;c3;a8947;1;t11256877
2023-11-02 19:05:00;c3;a7587;3;t11256877
2023-11-02 19:05:00;c3;a7614;3;t11256877
2023-11-02 19:05:00;c3;a0090927;3;t11256877
2023-11-02 19:05:00;c3;a0244;3;t11256877
2023-11-02 19:05:00;c3;a5128;3;t11256877
2023-11-02 19:05:00;c3;a6253;2;t11256877
2023-11-02 19:05:00;c3;a7613;3;t11256877
2023-11-02 19:05:00;c3;a5540;2;t11256877
2023-11-02 19:05:00;c3;a3040;5;t11256877
2023-11-02 19:05:00;c3;a8155;1;t11256877
2023-11-02 19:05:00;c3;a0242;5;t11256877
2023-11-02 19:06:00;c26;a8923;4;t11256900
2023-11-02 19:06:00;c26;a9127;5;t11256900
2023-11-02 19:06:00;c26;a6500;1;t11256900
2023-11-02 19:06:00;c26;a7740;4;t11256900
2023-11-02 19:06:00;c26;a0091272;2;t11256900
2023-11-02 19:06:00;c26;a6143;4;t11256900
2023-11-02 19:06:00;c26;a7044;4;t11256900
2023-11-02 19:06:00;c26;a2707;5;t11256900
2023-11-02 19:06:00;c26;a2007;1;t11256900
2023-11-02 19:06:00;c26;a7660;3;t11256900
2023-11-02 19:06:00;c26;a7759;2;t11256900
2023-11-02 19:06:00;c26;a8177;1;t11256900
2023-11-02 19:06:00;c26;a7616;1;t11256900
2023-11-02 19:06:00;c26;a5870;4;t11256900
2023-11-02 19:06:00;c26;a1808;3;t11256900
2023-11-02 19:06:00;c26;a9144;2;t11256900
2023-11-02 19:06:00;c26;a5907;3;t11256900
2023-11-02 19:06:00;c26;a0211;2;t11256900
2023-11-02 19:06:00;c26;a5882;3;t11256900
2023-11-02 19:06:00;c26;a6295;1;t11256900
2023-11-02 19:06:00;c26;a2089;4;t11256900
2023-11-02 19:06:00;c26;a7665;1;t11256900
2023-11-02 19:14:00;c20;a2606;2;t11256894
2023-11-02 19:14:00;c20;a3040;4;t11256894
2023-11-02 19:14:00;c20;a8947;4;t11256894
2023-11-02 19:14:00;c20;a8427;5;t11256894
2023-11-02 19:14:00;c20;a7665;5;t11256894
2023-11-02 19:14:00;c20;a4180;1;t11256894
2023-11-02 19:14:00;c20;a2737;3;t11256894
2023-11-02 19:14:00;c20;a7537;5;t11256894
2023-11-02 19:14:00;c20;a0021384;3;t11256894
2023-11-02 19:25:00;c62;a0206;5;t11256936
2023-11-02 19:25:00;c62;a8183;2;t11256936
2023-11-02 19:25:00;c62;a8507;3;t11256936
2023-11-02 19:25:00;c62;a4354;1;t11256936
2023-11-02 19:25:00;c62;a2443;3;t11256936
2023-11-02 19:25:00;c62;a2606;2;t11256936
2023-11-02 19:25:00;c62;a3580;3;t11256936
2023-11-02 19:26:00;c71;a8380;1;t11256945
2023-11-02 19:26:00;c71;a0218;2;t11256945
2023-11-02 19:26:00;c71;a8454;4;t11256945
2023-11-02 19:26:00;c71;a6400;2;t11256945
2023-11-02 19:26:00;c71;a5540;4;t11256945
2023-11-02 19:26:00;c71;a2255;4;t11256945
2023-11-02 19:26:00;c71;a5177;2;t11256945
2023-11-02 19:26:00;c71;a6628;3;t11256945
2023-11-02 19:26:00;c71;a8155;2;t11256945
2023-11-02 19:26:00;c71;a9203;5;t11256945
2023-11-02 19:26:00;c71;a5858;2;t11256945
2023-11-02 19:26:00;c71;a2060;3;t11256945
2023-11-02 19:26:00;c71;a0242;1;t11256945
2023-11-02 19:33:00;c55;a1624;5;t11256929
2023-11-02 19:33:00;c55;a7760;1;t11256929
2023-11-02 19:33:00;c55;a8099;2;t11256929
2023-11-02 19:33:00;c55;a2884;5;t11256929
2023-11-02 19:33:00;c55;a8466;3;t11256929
2023-11-02 19:33:00;c55;a5304;2;t11256929
2023-11-02 19:33:00;c55;a2060;4;t11256929
2023-11-02 19:33:00;c55;a7630;2;t11256929
2023-11-02 19:33:00;c55;a8496;3;t11256929
2023-11-02 19:33:00;c55;a1813;5;t11256929
2023-11-02 19:33:00;c55;a0377;5;t11256929
2023-11-02 19:33:00;c55;a0021803;5;t11256929
2023-11-02 19:33:00;c55;a8417;5;t11256929
2023-11-02 19:33:00;c55;a5031;3;t11256929
2023-11-02 19:33:00;c55;a2453;3;t11256929
2023-11-02 19:40:00;c84;a0087147;3;t11256958
2023-11-02 19:40:00;c84;a7551;1;t11256958
2023-11-02 19:40:00;c84;a8187;1;t11256958
2023-11-02 19:40:00;c84;a5361;2;t11256958
2023-11-02 19:40:00;c84;a5128;3;t11256958
2023-11-02 19:40:00;c84;a2737;1;t11256958
2023-11-02 19:40:00;c84;a2061;3;t11256958
2023-11-02 19:40:00;c84;a3066;5;t11256958
2023-11-02 19:40:00;c84;a0086924;5;t11256958
2023-11-02 19:40:00;c84;a5983;1;t11256958
2023-11-02 19:40:00;c84;a8084;1;t11256958
2023-11-02 19:40:00;c84;a6252;2;t11256958
2023-11-02 19:40:00;c84;a7842;5;t11256958
2023-11-02 19:40:00;c84;a7742;4;t11256958
2023-11-02 19:40:00;c84;a6628;1;t11256958
2023-11-02 19:40:00;c84;a0020647;5;t11256958
2023-11-02 19:40:00;c84;a0088096;5;t11256958
2023-11-02 19:40:00;c84;a7639;2;t11256958
2023-11-02 19:40:00;c84;a2099;1;t11256958
2023-11-02 19:40:00;c84;a5898;1;t11256958
2023-11-02 19:40:00;c84;a5861;3;t11256958
2023-11-02 19:40:00;c84;a4493;4;t11256958
2023-11-02 19:40:00;c84;a4294;5;t11256958
2023-11-02 19:41:00;c42;a8366;4;t11256916
2023-11-02 19:41:00;c42;a8086;3;t11256916
2023-11-02 19:41:00;c42;a4294;2;t11256916
2023-11-02 19:41:00;c42;a2422;5;t11256916
2023-11-02 19:41:00;c42;a1641;2;t11256916
2023-11-02 19:41:00;c42;a5907;1;t11256916
2023-11-02 19:41:00;c42;a0242;5;t11256916
2023-11-02 19:41:00;c42;a8127;2;t11256916
2023-11-02 19:41:00;c42;a7550;3;t11256916
2023-11-02 19:43:00;c96;a9144;2;t11256970
2023-11-02 19:43:00;c96;a8466;3;t11256970
2023-11-02 19:43:00;c96;a2876;3;t11256970
2023-11-02 19:43:00;c96;a1811;4;t11256970
2023-11-02 19:43:00;c96;a8380;4;t11256970
2023-11-02 19:43:00;c96;a1810;5;t11256970
2023-11-02 19:43:00;c96;a5835;3;t11256970
2023-11-02 19:44:00;c83;a8086;3;t11256957
2023-11-02 19:44:00;c83;a6400;3;t11256957
2023-11-02 19:44:00;c83;a8171;1;t11256957
2023-11-02 19:44:00;c83;a1808;3;t11256957
2023-11-02 19:44:00;c83;a7589;1;t11256957
2023-11-02 19:44:00;c83;a0225;4;t11256957
2023-11-02 19:44:00;c83;a7835;1;t11256957
2023-11-02 19:44:00;c83;a4180;4;t11256957
2023-11-02 19:44:00;c83;a7692;5;t11256957
2023-11-02 19:44:00;c83;a5031;3;t11256957
2023-11-02 19:44:00;c83;a8214;2;t11256957
2023-11-02 19:44:00;c83;a2221;3;t11256957
2023-11-02 19:44:00;c83;a5824;2;t11256957
2023-11-02 19:44:00;c83;a2008;4;t11256957
2023-11-02 19:45:00;c35;a8215;3;t11256909
2023-11-02 19:45:00;c35;a7838;4;t11256909
2023-11-02 19:45:00;c35;a9127;1;t11256909
2023-11-02 19:45:00;c35;a3487;5;t11256909
2023-11-02 19:45:00;c35;a6400;5;t11256909
2023-11-02 19:45:00;c35;a8111;4;t11256909
2023-11-02 19:45:00;c35;a7882;1;t11256909
2023-11-02 19:45:00;c35;a6500;5;t11256909
2023-11-02 19:45:00;c35;a2752;3;t11256909
2023-11-02 19:45:00;c35;a5983;4;t11256909
2023-11-02 19:45:00;c35;a3066;2;t11256909
2023-11-02 19:45:00;c35;a1813;2;t11256909
2023-11-02 19:45:00;c35;a7663;1;t11256909
2023-11-02 19:45:00;c35;a8110;5;t11256909
2023-11-02 19:45:00;c35;a2352;1;t11256909
2023-11-02 19:45:00;c35;a1801;5;t11256909
2023-11-02 19:45:00;c35;a0021803;1;t11256909
2023-11-02 19:45:00;c35;a9050;2;t11256909
2023-11-02 19:45:00;c35;a8331;3;t11256909
2023-11-02 19:45:00;c35;a2407;5;t11256909
2023-11-02 19:47:00;c91;a8437;2;t11256965
2023-11-02 19:47:00;c91;a8477;2;t11256965
2023-11-02 19:47:00;c91;a0236;3;t11256965
2023-11-02 19:47:00;c91;a0091693;5;t11256965
2023-11-02 19:47:00;c91;a4514;2;t11256965
2023-11-02 19:47:00;c91;a7683;4;t11256965
2023-11-02 19:47:00;c91;a8923;1;t11256965
2023-11-02 19:47:00;c91;a8380;4;t11256965
2023-11-02 19:47:00;c91;a7882;3;t11256965
2023-11-02 19:47:00;c91;a8495;3;t11256965
2023-11-02 19:47:00;c91;a7747;1;t11256965
2023-11-02 19:47:00;c91;a0232;2;t11256965
2023-11-02 19:47:00;c91;a6407;3;t11256965
2023-11-02 19:47:00;c10;a7741;2;t11256884
2023-11-02 19:47:00;c10;a0088024;2;t11256884
2023-11-02 19:47:00;c10;a8183;5;t11256884
2023-11-02 19:47:00;c10;a0087147;3;t11256884
2023-11-02 19:47:00;c10;a6294;2;t11256884
2023-11-02 19:47:00;c10;a7885;3;t11256884
2023-11-02 19:47:00;c10;a2099;5;t11256884
2023-11-02 19:47:00;c10;a2221;1;t11256884
2023-11-02 19:47:00;c10;a1608;4;t11256884
2023-11-02 19:47:00;c91;a4355;1;t11256965
2023-11-02 19:47:00;c91;a4180;2;t11256965
2023-11-02 19:47:00;c10;a2503;2;t11256884
2023-11-02 19:47:00;c91;a5572;4;t11256965
2023-11-02 19:47:00;c10;a7044;5;t11256884
2023-11-02 19:47:00;c10;a5233;1;t11256884
2023-11-02 19:47:00;c10;a2912;2;t11256884
2023-11-02 19:47:00;c10;a0010016;4;t11256884
2023-11-02 19:47:00;c10;a2543;2;t11256884
2023-11-02 19:47:00;c10;a6534;2;t11256884
2023-11-02 19:47:00;c10;a4294;1;t11256884
2023-11-02 19:47:00;c10;a8485;3;t11256884
2023-11-02 19:47:00;c91;a0086903;2;t11256965
2023-11-02 19:51:00;c38;a7650;3;t11256912
2023-11-02 19:51:00;c38;a5932;5;t11256912
2023-11-02 19:51:00;c38;a5304;2;t11256912
2023-11-02 19:51:00;c38;a8433;1;t11256912
2023-11-02 19:51:00;c38;a3487;3;t11256912
2023-11-02 19:51:00;c38;a2880;3;t11256912
2023-11-02 19:51:00;c38;a5962;3;t11256912
2023-11-02 19:51:00;c38;a5870;4;t11256912
2023-11-02 19:51:00;c38;a5498;4;t11256912
2023-11-02 19:51:00;c38;a8417;5;t11256912
2023-11-02 19:51:00;c38;a8496;1;t11256912
2023-11-02 19:51:00;c38;a2352;1;t11256912
2023-11-02 19:51:00;c38;a8455;4;t11256912
2023-11-02 19:51:00;c38;a7842;3;t11256912
2023-11-02 19:51:00;c38;a9296;4;t11256912
2023-11-02 19:51:00;c38;a7369;5;t11256912
2023-11-02 19:51:00;c38;a8216;4;t11256912
2023-11-02 19:51:00;c38;a0086924;5;t11256912
2023-11-02 19:51:00;c38;a8923;4;t11256912
2023-11-02 19:51:00;c38;a9288;4;t11256912
2023-11-02 19:51:00;c38;a5839;2;t11256912
2023-11-02 19:51:00;c38;a7787;2;t11256912
2023-11-02 19:51:00;c38;a7437;4;t11256912
2023-11-02 19:51:00;c38;a6255;2;t11256912
2023-11-02 19:51:00;c38;a2656;2;t11256912
2023-11-02 19:57:00;c27;a8183;1;t11256901
2023-11-02 19:57:00;c27;a0020235;2;t11256901
2023-11-02 19:57:00;c15;a6408;5;t11256889
2023-11-02 19:57:00;c15;a0020018;5;t11256889
2023-11-02 19:57:00;c27;a1817;1;t11256901
2023-11-02 19:57:00;c27;a8495;3;t11256901
2023-11-02 19:57:00;c27;a0223;5;t11256901
2023-11-02 19:57:00;c27;a6217;2;t11256901
2023-11-02 19:57:00;c27;a0021857;4;t11256901
2023-11-02 19:57:00;c27;a8296;4;t11256901
2023-11-02 19:57:00;c27;a8127;4;t11256901
2023-11-02 19:57:00;c27;a6295;1;t11256901
2023-11-02 19:57:00;c27;a8436;4;t11256901
2023-11-02 19:57:00;c27;a5129;4;t11256901
2023-11-02 19:57:00;c27;a7633;2;t11256901
2023-11-02 19:57:00;c27;a0020830;3;t11256901
2023-11-02 19:57:00;c27;a7437;1;t11256901
2023-11-02 19:57:00;c15;a2737;3;t11256889
2023-11-02 19:57:00;c15;a1834;5;t11256889
2023-11-02 19:57:00;c15;a7596;2;t11256889
2023-11-02 19:57:00;c15;a2925;4;t11256889
2023-11-02 19:57:00;c15;a2422;3;t11256889
2023-11-02 19:57:00;c15;a2021;5;t11256889
2023-11-02 19:57:00;c15;a2412;1;t11256889
2023-11-02 19:57:00;c15;a7765;5;t11256889
2023-11-02 19:57:00;c15;a5129;5;t11256889
2023-11-02 19:57:00;c15;a8427;2;t11256889
2023-11-02 19:57:00;c27;a5572;4;t11256901
2023-11-02 19:57:00;c27;a2007;5;t11256901
2023-11-02 20:11:00;c45;a2564;5;t11256919
2023-11-02 20:11:00;c45;a8153;5;t11256919
2023-11-02 20:11:00;c45;a5572;1;t11256919
2023-11-02 20:11:00;c45;a5932;2;t11256919
2023-11-02 20:11:00;c45;a6330;2;t11256919
2023-11-02 20:11:00;c45;a7587;5;t11256919
2023-11-02 20:11:00;c45;a7632;4;t11256919
2023-11-02 20:11:00;c45;a7683;5;t11256919
2023-11-02 20:11:00;c45;a8402;5;t11256919
2023-11-02 20:11:00;c45;a8155;1;t11256919
2023-11-02 20:11:00;c45;a5797;4;t11256919
2023-11-02 20:11:00;c45;a4493;2;t11256919
2023-11-02 20:11:00;c45;a2707;3;t11256919
2023-11-02 20:12:00;c78;a7885;3;t11256952
2023-11-02 20:12:00;c78;a8084;3;t11256952
2023-11-02 20:12:00;c78;a0021857;4;t11256952
2023-11-02 20:12:00;c78;a2535;3;t11256952
2023-11-02 20:12:00;c78;a9108;5;t11256952
2023-11-02 20:12:00;c78;a1620;4;t11256952
2023-11-02 20:12:00;c78;a2352;2;t11256952
2023-11-02 20:14:00;c87;a7662;1;t11256961
2023-11-02 20:14:00;c87;a7765;2;t11256961
2023-11-02 20:14:00;c87;a0206;1;t11256961
2023-11-02 20:14:00;c87;a0086903;1;t11256961
2023-11-02 20:14:00;c87;a8086;5;t11256961
2023-11-02 20:14:00;c87;a7755;2;t11256961
2023-11-02 20:14:00;c87;a0086760;3;t11256961
2023-11-02 20:14:00;c87;a1628;4;t11256961
2023-11-02 20:14:00;c87;a9318;1;t11256961
2023-11-02 20:14:00;c87;a7787;2;t11256961
2023-11-02 20:14:00;c87;a7550;3;t11256961
2023-11-02 20:14:00;c87;a2752;2;t11256961
2023-11-02 20:14:00;c87;a0211;4;t11256961
2023-11-02 20:14:00;c87;a8477;1;t11256961
2023-11-02 20:14:00;c87;a1817;5;t11256961
2023-11-02 20:14:00;c87;a0236;3;t11256961
2023-11-02 20:14:00;c87;a0225;4;t11256961
2023-11-02 20:14:00;c87;a9281;4;t11256961
2023-11-02 20:14:00;c87;a7582;2;t11256961
2023-11-02 20:14:00;c87;a5902;1;t11256961
2023-11-02 20:14:00;c87;a8433;4;t11256961
